number,previousName,currentName,address,age,category
5A001,新康大楼,新康大楼,江西中路260号，九江路151号,1930,四
5A002,江海南关办公楼,住宅,外马路348号,1922,二
5A003,仁记路119号大楼,住宅,四川中路420号，滇池路119号,1906,三
5A004,道达大楼,珠江大楼,江西中路320号,1915年,三
5A005,公和洋行大楼,华德大楼,四川中路650号,1920年代,三
5A006,礼和大楼,办公楼,四川中路670号,不详,三
5A007,海青大楼/美国陆海军青年会,锦江之星,四川中路630号,不详,三
5A008,华德大楼,住宅,四川中路620号,1926,三
5A009,北京公寓,住宅,北京东路163号,不详,三
5A010,广协书局大楼,住宅,四川中路528号,不详,三
5A011,住宅,住宅,南昌路107号,1930,三
5A012,住宅,住宅,思南路36号,不详,二
5A013,住宅,住宅,皋兰路12号,不详,三
5A014,光远坊,住宅,北京西路256号,不详,二
5A015,复昌仓库、卓成洋行栈房,中山小区,广东路131弄,不详,三
5A016,长丰木行、协隆申庄、永隆号、大中织造厂,住宅,泗泾路28号,1910年代,三
5A017,聚兴诚银行大楼,办公,江西中路250号,1940,三
5A018,上海纱业银行大楼,延安东路134-150号楼,延安东路134-150号,不详,三
5A019,五洲大楼,办公,河南中路220号,1937,三
5A020,马立斯新村,住宅,武胜路429号,1932,三
5A021,都城饭店（东楼）,商业,福州路106号,1934,三
5A022,浙江实业银行大楼,商业,福州路107号,不详,二
5A023,广东银行,办公楼,宁波路52号,1934,三
5A024,英商上海电车公司大楼,办公楼,南苏州路185号,1908,三
5A025,上海中国实业银行总部大楼,中实大楼,北京东路130号,1929,二
5A026,原教会公寓,新天安堂等,南苏州路79号,1899,二
5A027,住宅,住宅,皋兰路28号,1920年代,二
5A028,中央商场,中央商场,四川中路355号,1930,四
5A029,美伦大楼（东）,美伦大楼（东楼）,南京东路151号,1930,四
5A030,美伦大楼（西楼、南楼）,美伦大楼（西楼）,南京东路161号,1930,四
5A031,大生公司大楼,大生公司大楼,九江路230号,1920,三
5A032,新普育堂,公益新天地及民政博物馆,普育西路105号,1913,三
5A033,应公馆,住宅,凤阳路338弄,1930年代,二
5A034,华侨大楼,华侨大楼,九江路120号,1930,四
5A035,美商卫利韩公司,办公楼,福州路37号,1930年代,三
5A036,中孚银行大楼,中国建设银行,滇池路103号,1922,三
5A037,原荣氏家族三新公司总部大楼,中新公司大楼,江西中路421号,1921,二
5A038,德国邮局,办公楼,四川中路200号（另有路牌：福州路60、70号）,1905,三
5A039,Bank of chosen/上海市直接税局,办公楼,四川中路330号,不详,二
5A040,老介福绸缎局,办公楼,南京东路257号,1935,二
5A041,惠罗公司大楼,惠罗公司大楼,南京东路100号,1906,三
5A042,公平大楼,华懋和平大厦,滇池路105号,1921,三
5A043,SHELL汽车公司、美灵登有限公司、永实业有限公司,凯恩宾馆,香港路117号,1919,三
5A044,谦信洋行、汉成洋行、亚洲花边厂等,圆明园公寓,圆明园路115号,1904,三
5A045,基督教协进会大楼,协进大楼,圆明园路169号,1923,三
5A046,泰昌木器公司,上海卧室用品有限公司,南京东路740号,1921,三
5A047,大方饭店,锦江之星酒店,福建南路33号,1933,四
5A048,世界书局,外文书店,福州路390号,1932,四
5A049,"仓库货栈/章华毛绒纺织公司上海货栈、
中国垦业银行仓库","南苏州路979
号仓库",南苏州路991号,1929,三
5A050,仓库货栈/章华毛绒纺织公司上海货栈 、中国垦业银行仓库,南苏州路955号仓库,南苏州路955号,1929,三
5A051,住宅,住宅,绍兴路25号,1933,三
5A052,住宅,卢湾市容管理局瑞金二路街道管理所,陕西南路191-197号,1929,三
5A053,住宅,住宅,绍兴路1号，3号；瑞金二路158号，148号，146号,1930年代,三
5A054,住宅,住宅,复兴中路599号,1920年代,三
5A055,住宅,住宅,复兴中路563号,1920年代,三
5A056,住宅,住宅,合肥路592弄,1920,三
5A057,住宅,住宅,巨鹿路314号,1929,三
5A058,住宅,住宅,长乐路272弄14号,1920年代,三
5A059,住宅,住宅,思南路48号,1918,三
5A060,西爱村，恒爱里,西爱村，恒爱里,永嘉路19号,1927(西爱村)1938(恒爱里),三
5A061,花园坊,花园坊,瑞金二路129号,1928,三
5A062,静村,住宅,绍兴路36弄,1929,三
5A063,住宅,住宅,永嘉路17号,1936,四
5A064,郑家衖,住宅,永嘉路39弄,1923,三
5A065,福绥里,住宅,建国西路146号,1925,三
5A066,松韵别墅、群贤小学,松韵别墅,复兴路498弄1-8、10、11号,1921,三
5A067,住宅,住宅,永嘉路37号,1922,三
5A068,环龙别业、环龙里,南昌路 212、244 弄小区,南昌路212、244弄,1925(212弄)，1928(244弄),三
5A069,上海律师公会会所,银行博物馆,复兴中路301号,1925,四
5A070,上海儿科疗养院,向明初级中学,巨鹿路334号,不详,三
5A071,首善堂,"上海市黄浦区人民代表大会常务委员会
中国人民政协上海市黄浦区委员会",重庆南路139号,1925,二
5A072,公董局公共卫生救济处医学化验所,中国疾病预防控制中心寄生虫病预防控制所,瑞金二路207号,1925,三
5A073,上海银行,上海小楼/滇池小区,江西中路372-390号，北京东路205-217号,1929,三
5A074,鸿裕纺织有限公司大楼,住宅,江西中路441-445号,1921,三
5A075,美国陆海军青年会,海青大楼,香港路85号,1923,四
5A076,马可尼公司,住宅,北京东路131号,1920年代,三
5A077,上海法租界麦兰捕房/上海市警察局黄浦分局（1943）,上海市公安局黄浦分局,金陵东路174号,1935,二
5A078,住宅,住宅,自忠路414-454号,1910-1920年代,三
5A079,花园住宅,住宅,复兴中路492号,1934,三
5A080,住宅,住宅,香山路9号,1921,三
5A081,天祥实业股份有限公司、上海顾天盛花厂,南苏河创意园区,南苏州路1295号-1305号,1933,三
5A082,南市发电厂,上海当代艺术博物馆,花园港路200号,1980年代,三
5A083,白克路,长征医院办公室,凤阳路450号,1920年代,二
1C001,步高里,步高里,陕西南路287号,1920,三
1C002,瑞金二路住宅,瑞金宾馆1号楼,瑞金二路18号,1917,二
1C003,尚贤坊,尚贤坊,淮海中路50号,1924,三
1C004,华懋公寓,锦江宾馆北楼,长乐路109号,1929,二
1C005,峻岭公寓、茂名公寓,锦江宾馆中、西楼,茂名南路65-125号,1935,二
2C001,法公董局,综合办公楼,淮海中路375号,1909,三
2C002,培文公寓,培文公寓,淮海中路449号,1923,三
2C003,永业大楼,永业大楼,淮海中路481号,1932,三
2C004,国泰大戏院,国泰电影院,淮海中路870号,1932,二
2C005,法国总会,花园饭店,茂名南路58号,1925,二
2C006,兰心大戏院,兰心大戏院,茂名南路57号,1931,二
2C007,ASTRID公寓,南昌大楼,茂名南路143号,1933,三
2C008,法国总会（老）,科学会堂(一号楼),南昌路47号,1917,二
2C009,梵尔登花园,里弄住宅,陕西南路39弄1-103号,1925,三
2C010,陕南村,陕南村,陕西南路157-187号,1930,三
2C011,花园住宅,花园住宅,思南路51-95号(单),1920,三
2C012,震旦大学图书馆教学大楼/震旦大学博物馆,第二医科大学十二号大楼/昆虫研究所,重庆南路280号/重庆南路225号,1936/1930,三
2C013,东正教堂,幸运城大酒店,皋兰路16号,1934,二
2C014,江南制造局,江南造船厂,高雄路2号（总办公楼）/2号船坞/指挥楼/飞机车间,2号船坞：光绪,三/四/三/四
3C001,爱司公寓,瑞金大楼,瑞金一路150号,1926,三
3C002,泰山公寓,泰山大楼,淮海中路622弄,1930,三
3C003,飞霞别墅,飞霞别墅,淮海中路584弄,1941,三
3C004,飞龙公寓,住宅,淮海中路538-544号及542弄,1922,四
3C005,法租界霞飞路巡捕房,卢湾区职业教育中心,淮海中路235号,1914,三
3C006,白尔登公寓,陕南大楼,陕西南路213号,1924,三
3C007,住宅,瑞金宾馆3号楼,瑞金二路118号,1920,三
3C008,三井杨行大班住宅,瑞金宾馆4号楼,瑞金二路118号,1924,三
3C009,住宅,上海文史馆,思南路39号-41号,1920年代,三
3C010,巴黎公寓,巴黎公寓,重庆南路165号,1936,三
3C011,巴黎新村,巴黎新村,重庆南路169弄,1912~1936,三
3C012,永丰村,住宅,重庆南路177号、179弄1-10号,1919,三
3C013,吕班公寓,重庆公寓,重庆南路185号,1920年代/一说1931年,三
3C014,诸圣堂,诸圣堂,复兴中路425号,1925,二
3C015,住宅,住宅,皋兰路1号,1934,四
3C016,住宅,上海文艺出版社等,绍兴路74号,1947,三
3C017,香山路住宅,住宅,香山路6号,1920年代,三
4C001,中德医院,妇婴保健院,延安中路393号,1923,二
4C002,康绥公寓,康绥公寓,淮海中路468-494号,1932,三
4C003,国泰公寓,国泰公寓,淮海中路816弄、818－832号,1926,三
4C004,霞飞坊,淮海坊,淮海中路927弄,1924,三
4C005,法国体育总会,科学会堂,南昌路57号,1931,二
4C006,上海别墅,上海别墅,南昌路110弄、112-122号,1916,三
4C007,花园住宅群,花园住宅群,南昌路124－134号、136弄1-16号、138-146号,1912-1936,三
4C008,克美产科医院,卢湾区政府2号楼,重庆南路139号,1910年代,二
4C009,花园住宅,花园住宅,皋兰路11-17号,约1914,四
4C010,希勒公寓,钟和公寓,茂名南路106-124号，南昌路179号,1930年代,三
4C011,梅兰坊,梅兰坊,黄陂南路596弄1-58号,1924,四
4C012,派克公寓,花园公寓,复兴中路455号,1926,三
4C013,花园住宅,花园住宅（其中471－473号曾为卢湾区第四聋哑学校）,复兴中路471－473号，477号,1920－1936,三
4C014,花园住宅,花园住宅,复兴中路517号，531号，533-537号，539号，541号,1920年代,三
4C015,辣斐坊,复兴坊,复兴中路553弄1-21号，543-551号，555-561号,1927,三
4C016,花园住宅,花园住宅,思南路50-70号,1920年代,三
4C017,万宜坊,万宜坊,重庆南路205弄5-94号,1931,三
4C018,广慈医院,瑞金医院8号楼、3号楼,瑞金二路197号,8号楼约1921/2-3号楼约1930年代,三
4C019,安和新村,安和新村,瑞金二路198弄,1912-1936,三
4C020,金谷村,金谷村,绍兴路18弄，绍兴路2-34号，瑞金二路132弄1-59号、78-83号,1930,三
4C021,爱麦虞限路9号宅,上海昆剧团,绍兴路9号,1935,二
4C022,明复图书馆,卢湾区图书馆,陕西南路235号,1929,二
4C023,花园住宅,花园住宅,淮海中路796号,东幢1921，西幢1927,二
5B001,J.K.K. 公寓,公寓（J.K.K.Apartment）,长乐路962弄1-4号,1935,三
5B002,住宅,戏剧学院（仲彝楼、健伍楼）,华山路630号,1930,二
5B003,住宅,花园住宅,愚园路541弄2号,1930,二
5B004,住宅,花园住宅,愚园路419弄（3-32号）、愚园路411号、愚园路427号,不详,二
5B005,美丽园,美丽园,延安西路379弄2-16号、18号、20号、22号,1912-1936,三
5B006,住宅,住宅,乌鲁木齐北路468弄80-108号,1920年代,三
5B007,住宅,静安区教育学院培训中心,新闸路1378弄17号,1939,三
5B008,住宅,经济日报上海记者站,新闸路1340弄21号,待考,三
5B009,住宅,住宅,胶州路450号,1940年代,二
5B010,麦伦中学-越旦中学,住宅,武定路946号,1940年代,三
5B011,住宅,石门二路社区文化活动中心,康定东路85号,清末民初,二
5B012,派司公寓,派司公寓,常熟路100弄1-8号,1930年代,三
5B013,贤邻别墅,贤邻别墅,愚园路470弄3-23号、愚园路472-474号（双号）,1937,三
5B014,住宅,四明体育弄,愚园路520弄(2-28)号、愚园路510-528号（双号）,1936,三
5B015,四明别墅,四明别墅,愚园路576 弄（3-77 号）、 愚园路580-590 号（双号）,1931-1933,三
5B016,汉璧礼蒙童养学堂、汉璧礼西童公学,上海市市西中学（2 号楼）,愚园路404号,1922,三
5B017,大任小学校、 上海市私立大任小学旧址,上海自来水投资建设有限公司苏州河三期项目管理部,康定东路20号,不详,二
5B018,住宅,住宅,威海路590弄89号,1918,三
5B019,佳庐,住宅,北京西路1592弄11号,1912,三
5B020,望德堂,住宅,北京西路1220弄1-108号,7-9号1933，2号1930-1932，50-180号1907,三
5B021,信义会,住宅,常德路310号,1922,三
5B022,弘德职业补习学校、弘毅中小学,梅龙镇酒家,南京西路1081弄22号,待考,三
5B023,修德里,住宅,威海路590弄41号,1932,三
5B024,住宅,住宅,北京西路1220 弄(50-108 号),1907,三
5B025,光华里,光华里,巨鹿路786弄,1930,三
5B026,留园，履安邨,留园,长乐路672弄（1-30 号）,1937,三
5B027,古拔新邨,富民新邨,富民路148-172弄,1932,三
5B028,古柏公寓,古柏小区,富民路197弄,1931-1941,古柏公寓为三类；69号为二类
5B029,柳林别墅,柳林别墅,愚园路532弄51、55、60、61、66、70、71号、73-85（单号）,1912-1936,三
5B030,上海电话公司泰兴路分局旧址,电信公司北泰电话站,泰兴路230号,1931,二
5B031,吴宅,上海市公惠医院,石门一路315弄6号,1931,二
5B032,瑞士国总领事馆,上海第二工业大学教研楼①/上海市慈善教育培训中心,陕西北路80号,1922,二
5B033,程谨轩、程霖 生父子旧居、协进初级中学,上海市公安局静安区分局交通警察支队,南京西路1550号,1922,二
5B034,上海共济会会址/ 上海英国约克礼仪共济会所,上海市医事团体联合管理办公室,北京西路1623-1647号,1931,三
5B035,善道堂,上海市社会文化管理处、上海市文化艺术档案馆,巨鹿路709号,1930,二
5B036,住宅,上海静安置业集团、静安区威海路文化传媒街管理委员会,威海路590弄77号,1921,二
5B037,住宅,南京军区幼儿园,巨鹿路735号,不详,二
5B038,住宅,华东模范中学行政楼,延安中路999号（富民路43号）,待考,二
5B039,住宅,上海戏剧学院毓琇楼,延安西路355号,待考,二
5B040,培明女子中学暨小学,培明中学,新闸路1607-1609号,1922,二
5B041,南洋大楼,重华小区,陕西北路204-216号（双号）、南京西路1175-1185号（单号）,1927,二
5B042,银河食府/康生洋行,阿迪达斯、凯世酒店,南京西路931号,1925,四
5B043,江海图书馆,静安区图书馆海关楼,新闸路1702-1708号,1935,三
5B044,基督教内地会/上海市第六人民医院,上海市儿童医院5、7、9、10号楼等,新闸路1515-1533号（单号）、北京西路1400弄24号,1931,三
5B045,进德女子中学,花雅堂,延安中路718号、茂名北路65号,待考,三
5B046,汉冶萍公司上海俱乐部,警备区第一离休干部休养所,北京西路1810弄30号,1910年代,二
5B047,住宅,住宅,胶州路125弄,不详,二
5B048,青云里,住宅,襄阳北路22弄,1912,三
5B049,退耕小筑 /吴镜渊旧居,退耕小筑,长乐路662弄,不详,三
5B050,工部局华人女子中学/上海市第一女子中学,上海市第一中学,余姚路139号,1935,二
5B051,花园住宅,俏江南,延安中路881号,不详,三
5B052,住宅,上海电影公司、上海美术电影制片厂,万航渡路618号,1931,三
5B053,归仁里,归仁里,康定东路3弄3-14号,1928,三
5B054,泰来里,泰来里,康定东路16-17号,1910年代,三
5B055,卡德大楼/警察公寓,卡德大楼,石门二路50号,1930年代,三
5B056,警察公寓,新成大厦,成都北路337号,不详,三
5B057,交通部邮政总局驻沪办事处,中国邮电器材总公司,胶州路320号,不详,三
5B058,花园住宅,住宅,升平街45、65号,不详,三
5B059,花园住宅,上海建筑装饰（集团）有限公司,延安中路632弄50号,不详,二
5B060,南华新邨,南华新邨,长乐路774弄,1937,三
5B061,荣康别墅,荣康别墅,常熟路102-120号,1939,三
5B062,海园,海园小区,华山路343号、351弄1-5、8、9、10、11、12、14、16、17、19、20号,1937,二
5H001,交通部直属上海电话局大楼旧址,上海长途电话局\邮电520厂,永兴路546号,1928,三
5H002,上海铁道医院,上海市第十人民医院分院/上海市皮肤病医院分院,虬江路1057号,1942,三
5H003,交通银行仓库、四行仓库光二分库,创意仓库,光复路195号,1932,三
5H004,福源福康钱庄联合仓库,四行仓库光三分库,光复路115-129号(单号）,1910,四
5H005,怡和源打包厂,商坊会馆,北苏州路912号,1907,二
5D001,住宅,住宅,华山路913号,1930,二
5D002,和平官邸,住宅,东平路14-16号(双号）,1930年代,二
5D003,住宅,住宅,高安路60号,1922,三
5D004,住宅,住宅,淮海中路1323号,1930,三
5D005,住宅,住宅,太原路238号,1939,三
5D006,襄阳公寓,襄阳公寓,襄阳南路254号,1920,三
5D007,白赛仲公寓,公寓,复兴西路26-28号(双号）,1929,二
5D008,剑桥角公寓,剑桥角公寓,复兴中路1462弄1-14号,1934,三
5D009,潘兴公寓,潘兴公寓,淮海中路1706号,1941,二
5D010,良友公寓,良友公寓,永福路68号、复兴西路91、93号,1937,二
5D011,开普敦公寓,开普敦公寓,武康路240-246号（双号）,1940,二
5D012,国富门公寓,国富门公寓,武康路230、232号,1936,二
5D013,漕溪北路小高层,徐汇新村,漕溪北路750、800、850、900、950、1000号,1977,四
5D014,住宅,住宅,武康路210号,1934,三
5D015,住宅,住宅,高邮路5弄32号,1931,三
5D016,住宅,住宅,湖南路276号,1932,三
5D017,住宅,住宅,武康路392号,1920,三
5D018,住宅,住宅,武康路374、376号,1926,三
5D019,花园住宅,住宅,五原路289弄1-2、3-4号,1933,三
5D020,住宅,住宅,淮海中路1380号,不详,三
5D021,住宅,住宅,复兴西路147号,1933,三
5D022,台拉新村,台拉新村,建国西路365 弄（1-11号） 、建国西路 363号、太原路254-258号（双号）,1943,三
5D023,住宅,住宅,襄阳南路364号,1932,三
5D024,住宅,住宅,桃江路7、15、21、25号,1920,三
5D025,住宅,住宅,东平路2-10号（双号）,1920,三
5D026,住宅,住宅,东平路1号,1914,二
5D027,住宅,上海市市立幼儿园,建国西路629号,不详,三
5D028,住宅,住宅,康平路101弄1-4号,1934,三
5D029,住宅,住宅,宛平路15号,1923,三
5D030,住宅,住宅,淮海中路1857弄67号,1930年代,三
5D031,住宅,住宅,康平路196号,不详,三
5D032,住宅,住宅,淮海中路1893号,1933,三
5D033,住宅,住宅,建国西路395弄1-15号、17号，建国西路397号、399号,1928,三
5D034,住宅&上海尚朵文化传播有限公司,住宅,襄阳南路525号,1923（设计）,三
D5035,住宅,住宅,太原路4弄,1930,三
5D036,住宅,住宅,复兴中路1365-1377号（单号）,1920,三
5D037,住宅,住宅,肇嘉浜路604号,不详,三
5D038,住宅,住宅,乌鲁木齐路180、182号,1930年代,三
5D039,住宅,住宅,高安路77号,1924,三
5D040,市文广局老干部活动中心,上海市文化广播影视管理局老干部活动中心,岳阳路44号,1927,三
5D041,君悦酒店,永嘉路628号楼,永嘉路628号,1929,三
5D042,上海戏曲艺术中心,上海京剧院、上海戏曲艺术中心,岳阳路168弄（1号楼 、2号楼）,1921(设计）,二
5D043,住宅,住宅,延庆路121号,1924,三
5D044,住宅,住宅,新乐路54号,1936,三
5D045,住宅,住宅,新乐路22-32号（双号）,1923,三
5D046,住宅,住宅,"华亭路30、32、42、44、58号,延庆路132号",不详,三
5D047,住宅,住宅,延庆路159号,1922,三
5D048,住宅,住宅,东湖路51号,不详,三
5D049,住宅,住宅,华亭路93弄1-9号,1923,三
5D050,住宅,住宅,延庆路18弄10号,不详,三
5D051,住宅,住宅,华山路823、825、827号,1931,二
5D052,住宅,住宅,武康路40弄5号,1930年代,二
5D053,住宅,住宅,安福路255号,1923,二
5D054,住宅,住宅,襄阳南路349-355号（单号）,1928,三
5D055,住宅,住宅,宛平路42号,1945,三
5D056,福禄村,福禄邨、台拉新邨,建国西路384弄1-4号、9-12号、11号甲、12号甲、16-18号、20-27号、30-34号、36-44号、386号甲,1939,三
5D057,新兴盛里，永盛里,新兴盛里，永盛里,嘉善路117弄,新兴顺里：1930；永盛里：1936,三
5D058,顾德坊,顾德坊,襄阳北路66弄（1-14号）、68弄（1-11 号）、70弄（1-11号）、72弄（1-10 号）、74弄（1-10号）,1930前后,三
5D059,大福里,大福里,延庆路29弄,1926,三
5D060,培福里,培福里,陕西南路186弄,1927,三
5D061,住宅,住宅,新乐路34弄（1-3号），新乐路36号,1930年代,三
5D062,储康里,储康里,长乐路401弄,1928,三
5D063,住宅,住宅,陕西南路222弄20号,1930年代,三
5D064,住宅,住宅,新乐路57-61号（单号）,1930年代,三
5D065,住宅,住宅,东湖路56弄51-55号（单号）,1930年代,二
5D066,住宅,住宅,宝庆路9弄1-6号,不详,三
5D067,住宅,住宅,延庆路4弄（2- 44号）、延庆路2-6号（双号）,1940年代,三
5D068,住宅,住宅,延庆路51弄（1-26号）、延庆路39-49号（单号）,1930年代,三
5D069,住宅,住宅,五原路84弄 （1-34号）， 五原路80-88 号（双号）,1937,三
5D070,华邸,华邨,五原路76弄（1-16号），五原路72-74号（双号）,1937,三
5D071,栖霞村,五原路372弄小区,徐汇区五原路372弄6-9号,1939,三
5D072,爱棠新村,爱棠新村,余庆路146弄13号,1937,三
5D073,茂龄别墅,茂龄别墅,建国西路619弄1-34号,1941,三
5D074,住宅,办公,淮海中路1800号,1936,二
5D075,住宅,办公,余庆路80号,1943,二
5D076,住宅,上海中国青年旅社,衡山路2号、东平路12号,1920年代,三
5D077,住宅,办公,宝庆路20号,1925,三
5D078,中共上海市纪委,中共上海市纪委,宛平路7号,不详,二
5D079,上海教育评估院,上海教育评估院,陕西南路202号,1931,二
50D80,崇源别墅,崇源别墅,常熟路179号,1930年代,三
5D081,南区电话局汾阳路分局,办公,汾阳路63号,1929,三
5D082,菁英会,上海关心下一代工作办公室,岳阳路265号,1944,二
5D083,办公,办公,建国西路336弄1号,1930,二
5D084,大可庄园,商业,襄阳南路388弄25号,1933,二
5D085,中国科学院生物化学和细胞生物学研究所主楼北侧办公楼,中国科学院生物化学和细胞生物学研究所14号楼,岳阳路320号（14号楼）,1925,二
5D086,中国科学院生物化学和细胞生物学研究所5号楼,中国科学院生物化学和细胞生物学研究所5号楼,岳阳路320号 （5号楼）,1920年代,三
5D087,上海中学大礼堂,上海中学大礼堂,上中路400号,1936,三
5D088,长乐坊,长乐坊,长乐路331、333号,1930年代,三
5D089,北票码头塔吊,北票码头塔吊,,1980年代,三
5D090,海事瞭望塔,海事瞭望塔/海事塔,徐汇区龙华港、黄浦江河口,1980年代,三
5D091,德利那齐宅,住宅,武康路129号,1929,三
5D092,龙美术馆,龙美术馆西岸馆,龙腾大道3398号,1950年代,二
5D093,余德耀美术馆,余德耀美术馆,丰谷路35号,1950年代,三
5D094,住宅,住宅,康平路187-191号（单号）,1930年代,三
5D095,住宅,,淮海中路 1222-1238号 （双号）,1934,三
5D096,住宅,光明公寓,淮海中路1200弄（1-4号、7-24号）、淮海中路1200弄6号院（2号楼、3号楼）、淮海中路1176-1182号（双号）,1930年代,三
5D097,住宅,东湖双拥小区,永嘉路588-590号（双号）,1930年代,三
5D098,住宅,住宅,长乐路327-329号（单号）,1930年代,三
5D099,住宅,长乐坊,长乐路335-337号（单号）,1930年代,三
5D100,住宅,长乐坊,陕西南路214号,1910年代,三
5D101,住宅,住宅,常熟路139号,不详,三
D50102,住宅,住宅，局部办公,延庆路42、52号,不详,三
5D103,住宅,住宅，局部办公,襄阳南路313号,不详,三
5D104,住宅,住宅,复兴西路299弄1-3号,1932年,三
5D105,慎成里,住宅,永嘉路291弄1-90号，永嘉路277-307（单号），嘉善路200-230号（双号）,1930,三
5D106,住宅,慎成里,新乐路44弄（1-15号）、新乐路38-50号（双号）,1932,三
5D107,住宅,新乐坊,新乐路143弄1-4号,1930年代,三
5D108,住宅,住宅,淮海中路1251弄1-3号,1940年代,三
5D109,中信一村,住宅,常熟路163弄1-30号、华亭路18、26号,1937,三
5D110,住宅,中信一村,延庆路80、82、84号,不详,82号：三；80、84号：四
5D111,住宅,住宅,长乐路325号、陕西南路164号,1930年代,三
5D112,衡山电影院,衡山电影院,衡山路838号,1951,三
5D113,上海应用技术学院,上海应用技术学院,漕宝路120号,1961,6号楼：三； 8号楼：三； 10号楼：三； 14号楼：四； 20号楼：二； 26号：三类；28号楼：二； 30号楼：二； 32号楼：三； 34号楼：四； 36号楼：二； 40号楼：四;42号楼：四； 52号楼：三
5D114,西岸艺术中心,西岸艺术中心,龙腾大道2555号,1980年代,三
5D115,住宅,住宅,湖南路280弄2、4、8、9、20号；296弄14-26号,1930年代,三
1F001,百老会大厦,上海大厦,北苏州河路2号,1934,三
1F002,俄罗斯领事馆/苏联领事馆,俄罗斯领事馆,黄浦路20号,1916,二
1F003,上海邮政总局,上海市邮政局,北苏州河路250-276号,1924,二
1F004,多伦路250号住宅,住宅,多伦路250号,1924,二
2F001,日本领事馆/联合救济总署,商业置地公司,黄浦路106号红楼/灰楼,日本领事馆：1911，联合国救济总署：1941,二/四
2F002,河滨公寓,河滨公寓,北苏州路340号,1935,四
2F003,鸿德堂,鸿德堂,多伦路59号,1928,二
2F004,雷氏德工学院,海员医院,东长治路505号,1934,三
2F005,北方局,远洋运输公司,东大名路378号,1908,三
2F006,高阳大楼,高阳大楼,东大名路817号,1915,三
2F007,新亚酒楼,新亚大酒店,天潼路422号,1934,三
2F008,四行大楼,九州商厦,四川北路1274号,1932,三
2F009,中国银行大楼,工商银行,四川北路894号,1932,三
2F010,景灵堂,景灵堂,昆山路135号,1922,三
2F011,虹口救火会,虹口消防队,哈尔滨路2号,1915,三
2F012,上海监狱,提蓝桥监狱,长阳路147号,1935,三
3F001,大陆新村/文华新村/淞云别墅/留青小筑,住宅,山阴路30、44、64、112、124、132、144、156、168、180、192、208、210弄，甜爱路59号、40号，山阴路2弄1-43号，四川北路2044-2058号,大陆新村、文华别墅1932竣工,三
3F002,长春公寓,长春公寓,长春路304号,1928/1936加建两层/1975加建到6层,三
3F003,住宅,住宅,溧阳路1084弄2-11号、1114弄1-21号、1156弄1-19号、1208弄1-12号、1219、1221、1253、1283、1313、1235、1267、1295、1298、1237、1269、1297、1331、1251、1281、1311、1338号，溧阳路1203弄1-12号,1920年代/一说1914,三
3F004,住宅,住宅,武进路206-296号,1920年代,四
3F005,礼查饭店,浦江饭店,黄浦路15号,1910,二
3F006,公寓,公寓,昆山路227号/昆山路277号/昆山花园路1-10号,1920s,三
3F007,住宅,住宅,蟠龙街1-13号,1920,三
3F008,西本愿寺,梦幻柔情舞厅,乍浦路455号,1931,二
3F009,虹口大旅社,虹口大楼,海宁路449号,1927年竣工/南部1946年修复/1975年南部加建一层,三
3F010,住宅,上海纺织老干部活动室,多伦路215号,1924,三
3F011,祥德路住宅,祥德路住宅,祥德路2弄,1943,四
4F001,瑞康公寓,瑞康公寓,四川北路18号,约1930,三
4F002,大桥公寓,大桥公寓,四川北路85号,1935,三
4F003,德邻公寓,信谊大药厂,四川北路71号1-6幢，崇明路82号,1935,三
4F004,批亚斯公寓,浦西公寓,蟠龙街26号，乍浦路199-215号，塘沽路411-429号,1931,三
4F005,小浦西公寓,小浦西公寓,塘沽路387-401号,1930,三
4F006,工部局西童女子学校,上海市安装工程有限公司,塘沽路390号,1893-1894(一说1886),三
4F007,景林庐,住宅,乍浦路260号，昆山路141-177号，254弄22-27号,1923,三
4F008,角田公寓,闵行大楼,闵行路171-181号，201-211号，峨眉路70-80号,1933,三
4F009,英华书馆,海军托儿所,武进路412号,1892,三
4F010,华童公学/汉壁礼男校/光华大夏大学附属中学,华东师范大学附属第一中学,中州路102号,约1925,三
4F011,工部局宰牲场（宰牛场）/新亚集团产业,1933老场坊,沙泾路10号、29号,1933,三
4F012,永丰坊、大德里、恒安坊,永丰坊、大德里、恒安坊,四川北路1515弄20-24号、34-105号，1519-1543号，1545弄1-33号、1-19号，1549-1551号,永丰坊1930，大德里1927，恒安坊1927,四
4F013,广东大戏院/虹光大戏院,群众影剧院,四川北路1552号,1930,四
4F014,狄思威公寓,溧阳大楼,四川北路1914-1932号,1929,三
4F015,永安里,永安里,四川北路1953弄、多伦路152-192号,前半段：1925，后半段：1945后,三
4F016,花园住宅,钱币博物馆/卫生局,四川北路2023弄35号,1926,二
4F017,拉摩斯公寓,北川公寓,四川北路2079-2099号,1928,三
4F018,西童公学,复兴初级中学,四川北路2066号,1913,三
4F019,樱苑别墅,上海青岛啤酒华东（控股）有限公司,四川北路2365号,1927,三
4F020,白氏旧居,海军411医院,多伦路210号,1926,二
4F021,恒丰里，新恒丰里,恒丰里，新恒丰里,山阴路69弄、85弄,1905,三
4F022,日照里,东照里,山阴路133弄,1920,三
4F023,花园里,花园里,山阴路145弄,1927,三
4F024,亚细亚里,亚细亚里,黄渡路107弄、109 号,1935,三
4F025,摩西会堂,摩西会堂,长阳路62号,1927,三
4F026,住宅,住宅,霍山路71-95号，舟山路21-81号,1910,三
4F027,住宅,住宅,霍山路119-121号，127-137号，125弄3-5号,1910,三
4F028,住宅,住宅,长阳路50弄15-31号,1916,三
4F029,住宅,住宅,杨树浦路197-213号,1920年代,三
4F030,住宅,住宅,临潼路25-89号、99弄,1920年代,三
4F031,花园住宅,新华印刷厂及部队住宅,榆林路43号、47号、59号、63号大宅,1927,三
5F001,花园住宅,虹口区城市管理行政执法局,东汉阳路205号,待考,二
5F002,上海市警察局虹口分局,公安大楼,塘沽路219号,1936,二
5F003,住宅,住宅,山阴路275弄（1-4号）、四达路262、266、272、274、286号,不详,三
5F004,住宅,住宅,东体育会路119弄22、23号,不详,三
5F005,住宅,住宅,祥德路25弄1号、2、3号,不详,三
5F006,住宅,住宅,山阴路209弄（1-9号）、229弄（1-6号）,不详,三
5F007,住宅,住宅,黄渡路79号,不详,三
5F008,住宅,住宅,祥德路66弄（1-3号）,不详,三
5F009,住宅,住宅,黄渡路17弄3号,不详,三
5F010,恩德堂教堂及宿舍,住宅,武进路225弄（3-11号）,1930年代,三
5F011,日本教堂,住宅,乍浦路439号,1930年代,三
5F012,裕棠庚住宅,住宅,平凉路25号,1920,三
5F013,住宅,住宅,保定路410-448号（双号）,不详,三
5F014,新沙逊洋行、东南日报,住宅,"长春路307-365号,四川北路1938-1950号（双号）",1930年代,三
5F015,积善里,积善里,山阴路340弄(1-31号)、320号、350号,1926,三
5F016,住宅,住宅,山阴路274弄（1-11号）,不详,三
5F017,丰乐里,丰乐里,四川北路1999弄（1-110号），四川北路2001-2021号（单号）,1916,三
5F018,公园坊,公园坊,西江湾路476弄（1-35号）,20世纪30年代初,三
5F019,恩德堂,上海市虹口区消费者权益保护委员会,乍浦路480、490号(双号),1930年代,三
5F020,花园住宅,老电影咖啡馆,多伦路123号,不详,三
5F021,杭氏住宅,舟山路幼儿园,舟山路455号,1920年代,三
5F022,海宁洋行旧址,上海益民食品一厂历史展示馆,香烟桥路13号,不详,三
5F023,矽肺治疗所，上海第一建筑材料工业公司职工治疗所，上海市建材局职工治疗所,上海赤峰医院,东体育会支路41号,1930年代,三
5F024,三多里,三多里,周家嘴路786弄（31-65号）,1926,三
5F025,住宅,住宅,四川北路2299弄（1-3号）、2319弄（1-3号）、2339弄（1-3号）、2305-2345号（单号）,1920年代,三
5F026,住宅,住宅,东体育会路119弄（老3号）,1930年代,三
5F027,赵植初住宅/王造时旧居,上城集团,多伦路93号,1920年代,三
5F028,花园住宅,虹口区第三中心幼儿园,山阴路181号,1912,三
5F029,广东浸信会，崇德小学,新乡路幼儿园,川公路109号、新乡路66号,1931,三
5F030,公济医院,北外滩苏宁广场（苏宁宝丽嘉酒店）,北苏州路190号、天潼路365号,1877,三
5F031,金山大楼,金山大楼,金山路43-61号（单号）、大名路60-86（双号）,1903,二
5F032,扆虹园,住宅,武进路453-457号(单号),20世纪初,三
5F033,公寓,公寓,长治路119-135 号（单号）、闵行路172号,1923,三
5F034,同仁医院,住宅,长治路155-159 号（单号）、南浔路193号,1920年代,三
5F035,住宅,住宅,唐山路753号,1923,三
5F036,住宅,住宅,塘沽路73 弄（8-22 号），南浔路140号,1900年代,三
5F037,住宅,住宅,舟山路394号,1924,三
5F038,商铺及住宅（隶属公益坊）,公寓,四川北路975-987号（单号），四川北路1297-1311 号（单号）,1931,三
5F039,住宅,住宅,高阳路165-167号（单号）,1920年代,三
5F040,皇家旅馆（Royal Hotel）,住宅,武进路393弄（14号）、武进路409号,1927,三
5G001,住宅,杨浦区人口和家庭计划指导服务中心1号楼,龙江路2号,不详,二
5G002,公共租界杨树浦路巡捕房营房旧址 （格兰路巡捕房）,隆昌公寓,隆昌路362号,1920年代,三
5G003,住宅,住宅,吉林路5号,不详,三
5G004,住宅,办公,平凉路250号,不详,三
5G005,聂家花园,市东小学,辽阳路51弄,1910年代,三
5G006,住宅,平凉路派出所,杨树浦路713号,不详,三
5G007,公共租界榆林路巡捕（1925-1943）旧址,杨浦区政府,江浦路549号,1930,四
5G008,住宅,住宅,平凉路629号,不详,三
5G009,聂中丞华童公学/缉槼中学教学楼,市东中学教学楼,荆州路42号,1916,二
5G010,公共租界杨树浦救火会旧址,上海市消防总队杨浦支队杨浦中队,杨树浦路1307号,1920,三
5G011,公共租界杨树浦路巡捕房（格兰路巡捕 房）旧址,上海市公安局杨浦分局、上海市国家安全局杨浦分局,平凉路2049号,1930,三
5G012,日商上海纺织株式会社旧址,杨树浦路2086号建筑群,杨树浦路2086号,1922,三
5G013,瑞瑢船厂旧址,上海船厂修船分厂,杨树浦路640号,1920年代,三
5G014,颐庆里住宅,住宅,景星路310、314弄（1-9号）,1932,三
5G015,大业印刷厂职员工房,住宅,福禄街193-209号（单号）,1910年代,三
5G016,住宅,住宅,龙江路50-66号双号,1929,三
5G017,华生印务公司/华一印刷股份有限公司,榆林路308号楼,"榆林308-312号（双
号）",1932,三
5G018,住宅,国顺路650弄住宅,国顺路650弄（1-78）号,花园住宅1930年代;公寓住宅1950、70年代分批建造,三
5G019,原上海浚浦局职员俱乐部,白庐,共青路386号,1930年代,三
5M001,住宅（Sou Yen Siao Cho Lane),住宅,愚园路789弄91-103号,1930年代,三
5M002,朱学仁住宅/中共长宁区委党校/长宁区人民法院,住宅,愚园路684号,1920年代,三
5M003,花园住宅,花园住宅,愚园路714号,1936年,三
5M004,梁兆来住宅,住宅,华山路978号,1948年,三
5M005,住宅,唐氏花园住宅,愚园路838弄20、22、30、32号,1930年,三
5M006,亨昌里,亨昌里,愚园路1376弄（4-42号）、1362-1374号（双号）,1925年,三
5M007,住宅,住宅,武夷路188号,不详,二
5M008,住宅,住宅,江苏路128号,不详,二
5M009,住宅,住宅,武夷路154号,不详,二
5M010,上海长征制药厂,弘基创意国际园,愚园路1107号（8、9号楼）,不详,三
5M011,丰田纱厂干部住宅,住宅,愚园路1249弄2号楼,1930年代,三
5M012,住宅,宁波市政府驻沪办事处/长宁区妇幼保健院,武夷路49弄,不详,二
5M013,住宅,住宅,武夷路234号,1930年代,三
5M014,花园住宅,花园住宅,愚园路1055号,不详,三
5M015,住宅,住宅,愚园路1293弄2号,1912年,三
5M016,住宅,住宅,武夷路95弄4号、6号、8号、16号、18号、20号,1930年代,三
5M017,长宁区机关事务管理局,住宅,武夷路100号,1930年代,三
5M018,住宅,住宅,武夷路174号,1930年代,二
5M019,花园住宅,中共上海市长宁区委老干部局,愚园路1136弄34号,不详,三
5M020,住宅,住宅,愚园路1132弄、1136弄57号,不详,二
5M021,住宅,住宅,愚园路1039号,不详,三
5M022,丰田纱厂干部住宅,住宅,愚园路1249弄1号,1920年代,二
5M023,住宅,住宅,愚园路1221弄4、6、10、14号,不详,三
5M024,住宅,住宅,武定西路1201、1207号,1920年代,二
5M025,太古洋行大班住宅,兴国宾馆,华山路1245号,1934年,二
5N001,英国医院（20世纪初）/“美丽牌香烟大王”陈楚湘住宅（1940年代）/大中化学化工厂（1943年）/南林师范学校(1982年)/中山北路第八小学(1990年代),办公,凯旋北路1555弄,清末民初,二
5N002,华东师范大学办公楼,办公楼（中楼、东楼、西楼）,中山北路3663号,东楼、西楼1940年代；中楼1952年,二
5N003,大夏大学思群堂,华东师大思群堂,中山北路3663号,1946,三
5W001,清溪茶馆,上海江东书院,高桥镇东街16-28号（双号）,待考,二
5W002,凌氏民宅,高桥人家陈列馆,高桥镇西街163-171号（单号）,1918年,二
5W003,关帝庙,关帝庙,西市街54、56号,2014重修,二
5W004,“贤生”宅,龚路居民委员会,龚路东街20号,1920年代,二
5W005,洋泾中学办公楼、实验楼,洋泾中学3、4号楼,潍坊路111号,1955（3号楼）/1947（4号楼）,四
5W006,花园住宅,三林敬老院,三林镇长清路2315号,待考,三
5W007,叶氏花行,叶氏花行,新场镇洪西街114-126号（双号）、新奉公路105号,清光绪年间,三
5W008,王和生宅,王和生宅,新场古镇新场大街195号,民国初年,二
5W009,裕大南货店,新场大街169－171号楼,新场镇新场大街169-173号(单号),明国20年,三
5W010,住宅,住宅,大团镇永春西二路66-70号(双号),待考,三
5W011,张氏宅,张氏宅,三林镇东林街65弄7号,待考,三
5W012,住宅,住宅,三林镇中林街131弄5号,待考,三
5W013,连宏生宅,连宏生宅,合庆镇华星村连家宅67号,待考,三
5W014,民宅,住宅,高桥镇西街173弄（1-3号）、西街175-181号（单号）,待考,二
5W015,郑生官宅,郑生官宅,新场镇新场大街190号,1912,三
5W016,丁家花园,川沙营造馆,川沙镇东泥弄9号、北市街19号,1930年代,三
5W017,谢氏商铺,谢氏商铺,新场镇洪西街2弄、新场大街399-401号（单号）,待考,三
5W018,三德堂、崇德堂,陆家花苑,川沙镇北城壕路64号,待考,三
5W019,张小乙宅,上海市浦东新区新场镇工农居民委员会,新场镇新场大街283号,民国初年,三
5W020,张氏住宅,张氏住宅,周浦镇川周公路4436号,待考,三
5W021,三林书院旧址,三林中学,三林镇三林路658号,待考,三
5W022,庞松舟住宅,松庐,三林镇中林街66号,1933,二
5W023,中华楼,中国锣鼓书艺术馆,新场镇新场大街141-145号(单号),民国初年,三
5W024,黄氏民宅,高桥绒绣馆,高桥镇西街133弄1、3号，西街135-139号（单号）,1921,二
5W025,以道堂、以德堂,以道堂、以德堂,川沙镇北城壕路84-88号（双号）,1935前后,三
5W026,钟宅,花园住宅,高桥镇石家街29号,1930年代,三
5W027,蔡宅,蔡氏民宅,高桥镇季景北路714弄11号,待考,三
5W028,原英商马勒机器造船厂,中国船舶工业集团公司,浦东大道2789号,1952年(住宅)，办公楼待考,四
5W029,方氏住宅、张贵宾宅,浦东派琵琶艺术传习中心,新场镇新场大街114号南侧,清初,三
5W030,沈宅,沈氏民宅,高桥镇西街124弄1号,约1855,三
5W031,住宅,住宅,航头镇下沙街219-223号（单号）,待考,三
5W032,李氏住宅、李锦章宅,李锦章宅,新场镇新场大街265号，267弄1-11号，269号,清代,三
5W033,住宅,住宅,大团镇永春北路139-143号（单号）,待考,三
5W034,住宅,住宅,花园街28弄1-8号、30、32、34、36、38、40弄1-18号、48弄1-10号,待考,三
5W035,住宅,住宅,航头镇下沙街西段,待考,三
5W036,吴宅,住宅,张江镇江东路33弄2号,1947年,二
5W037,奚家厅,奚家厅,新场镇洪东街118号-126号（双号），新场大街452弄,始建明代，清代大修,四
5W038,五星天主堂,施家天主堂,宣桥镇三灶村五星支弄704号,1904,三
5W039,吴氏民居,吴氏民居,川沙新镇大洪村吴家宅19号,待考,二
5W040,川沙私立友仁初级中学,川沙中学综合大楼,川沙新镇新川路324号川沙中学内,1942,四
5W041,住宅,住宅,高桥镇西街42-48号（双号）,1905,三
5W042,住宅,住宅,周浦镇西大街134号,待考,三
5W043,住宅,住宅,川沙新镇陈桥村1149号,待考,三
5W044,住宅,住宅,川沙新镇陈桥村1156号,待考,四
5W045,住宅,住宅,川沙新镇护塘街111号-115号（单号）,待考,三
5W046,小湾区公所,住宅,唐镇镇小湾村东张家宅1号,1934,三
5W047,李元庆民宅、民宅,高桥镇石家街27弄3号、季景北路608-612号,高桥镇石家街27弄3号、季景北路608-612号（双号）,1930年代,三
5P001,杜正华旧居,杜氏宅,松江区仓城秀南街6、8号,晚清至民国,三
5P002,康奉吉宅、螃蜞老妪宅、宋士琼宅、侯宅、沈开三宅,康氏宅、沈氏三宅、宋氏宅、候氏宅,松江区仓城秀南街102号-114号（双号）,晚清至民国,三
5P003,待考,陆氏宅,松江区仓城秀中山西路317-323号（单号）,民国,三
5K001,花神堂,花神堂,罗店赵巷街136号,1887,二
5R001,倪葆生住宅、志愿军驻地、粮管所粮仓,倪葆生旧居,崇明区堡镇财贸村石桥834号,1927,三
5Y001,住宅,住宅,枫泾镇生产街70号、油车弄2号,待考,三
5Y002,陈舜俞故居、枫泾民俗博物馆,三百园,枫泾镇和平街49号,宋庆历七年（1047）、宋熙宁三年（1070）、宋熙宁七年（1074）,三
5Y003,丁义兴熟食店、丁义兴小酒店,丁蹄作坊,枫泾镇南大街149号,清咸丰二年（1852年）,二
5Z001,庄行东街沿街商铺民宅,住宅,庄行镇一新路95-97号（单号）、庄行东街6-50号（双号）、庄行东街17-43号（单号）,待考,三
5Z002,住宅,住宅,青村镇中街10弄9-12号、18弄1-4号、20-26号（双号）,待考,三
5S001,汇龙潭公园,汇龙潭公园,嘉定镇沙霞路68号,明万历十六年(1588年),二
5S002,耶稣圣心堂、宫保桥天主堂,天主堂,嘉定镇中下塘街99号,待考,二
5S003,华兴永电气公司职工疗养所、塔前招待所,嘉定别墅,嘉定镇南大街321号,待考,二
5S004,待考,南翔双塔周边,南翔镇解放街218、222号、237号，人民街44、46、58、65、67、69、71、73、75号,待考,三
5X001,仲宅,仲宅,朱家角镇胜利街239弄7号,待考,三
5X002,朱家角天主堂,朱家角天主堂,朱家角镇漕河街317弄27号,待考,二
5X003,住宅,住宅,练塘镇东风街109、110号,待考,三
5X004,住宅,住宅,练塘镇下塘街44弄19-38号及北侧构筑物,待考,三
5X005,住宅,住宅,朱家角镇东湖街209弄,待考,三
5X006,陆家米行旧址,住宅,练塘镇前进街77号,1930年代,三
5X007,周氏民宅,周氏民宅,朱家镇东市街157号,待考,三
5X008,杨氏民宅,井亭饭店,朱家角镇西井街56弄,待考,三
5X009,淼趣楼,证大朱家角艺术馆、淼趣楼,朱家角镇北大街222号,待考,三
5X010,陈家仓库,下塘街16号楼,金泽镇下塘街16号,民国初年,三
5X011,张氏民宅,青浦区朱家角镇景区管理办公室,朱家角镇祥凝浜路602号,清末,三
5X012,住宅,住宅,白鹤镇鹤江路369号,待考,三
5X013,住宅,住宅,重固镇通波塘西街53号,待考,四